Start,Episodes,Movies
1-Jan-21,0,0
2-Jan-21,0,0
3-Jan-21,2,0
4-Jan-21,0,0
5-Jan-21,0,0
6-Jan-21,0,0
7-Jan-21,0,1
8-Jan-21,9,0
9-Jan-21,2,0
10-Jan-21,19,2
11-Jan-21,9,0
12-Jan-21,4,1
13-Jan-21,0,0
14-Jan-21,2,0
15-Jan-21,2,0
16-Jan-21,7,0
17-Jan-21,1,0
18-Jan-21,3,0
19-Jan-21,9,0
20-Jan-21,14,0
21-Jan-21,8,0
22-Jan-21,4,1
23-Jan-21,4,1
24-Jan-21,0,0
25-Jan-21,0,0
26-Jan-21,3,0
27-Jan-21,1,0
28-Jan-21,0,0
29-Jan-21,0,0
30-Jan-21,0,0
31-Jan-21,0,0
1-Feb-21,0,0
2-Feb-21,0,0
3-Feb-21,0,0
4-Feb-21,0,0
5-Feb-21,0,0
6-Feb-21,0,0
7-Feb-21,0,0
8-Feb-21,0,0
9-Feb-21,2,1
10-Feb-21,2,0
11-Feb-21,0,0
12-Feb-21,1,1
13-Feb-21,0,1
14-Feb-21,0,0
15-Feb-21,0,0
16-Feb-21,0,0
17-Feb-21,12,0
18-Feb-21,8,0
19-Feb-21,0,1
20-Feb-21,0,2
21-Feb-21,1,0
22-Feb-21,0,0
23-Feb-21,1,0
24-Feb-21,0,0
25-Feb-21,0,0
26-Feb-21,1,0
27-Feb-21,0,0
28-Feb-21,1,0
1-Mar-21,8,0
2-Mar-21,4,0
3-Mar-21,4,0
4-Mar-21,0,1
5-Mar-21,2,0
6-Mar-21,2,0
7-Mar-21,0,0
8-Mar-21,0,0
9-Mar-21,5,0
10-Mar-21,13,0
11-Mar-21,5,0
12-Mar-21,5,0
13-Mar-21,1,0
14-Mar-21,9,0
15-Mar-21,2,0
16-Mar-21,4,1
17-Mar-21,0,0
18-Mar-21,0,1
19-Mar-21,0,0
20-Mar-21,0,1
21-Mar-21,8,0
22-Mar-21,8,0
23-Mar-21,1,0
24-Mar-21,3,0
25-Mar-21,0,0
26-Mar-21,2,0
27-Mar-21,0,0
28-Mar-21,7,0
29-Mar-21,9,0
30-Mar-21,0,2
31-Mar-21,4,0